<?xml version="1.0" encoding="UTF-8"?>
<GenRun Id="impl_1" LaunchPart="xc7vx690tffg1761-2" LaunchTime="1719857584">
  <File Type="ROUTE-PWR" Name="tb_two_by_twoQFTbruteforce_power_routed.rpt"/>
  <File Type="PA-TCL" Name="tb_matrix_mul.tcl"/>
  <File Type="ROUTE-PWR-SUM" Name="tb_two_by_twoQFTbruteforce_power_summary_routed.pb"/>
  <File Type="REPORTS-TCL" Name="tb_matrix_mul_reports.tcl"/>
  <File Type="BITSTR-MSK" Name="tb_matrix_mul.msk"/>
  <File Type="ROUTE-CLK" Name="tb_two_by_twoQFTbruteforce_clock_utilization_routed.rpt"/>
  <File Type="RDI-RDI" Name="tb_matrix_mul.vdi"/>
  <File Type="POSTROUTE-PHYSOPT-BUS-SKEW-PB" Name="tb_two_by_twoQFTbruteforce_bus_skew_postroute_physopted.pb"/>
  <File Type="BG-BIT" Name="tb_matrix_mul.bit"/>
  <File Type="BG-DRC" Name="tb_matrix_mul.drc"/>
  <File Type="BG-BGN" Name="tb_matrix_mul.bgn"/>
  <File Type="BG-BIN" Name="tb_matrix_mul.bin"/>
  <File Type="BITSTR-RBT" Name="tb_matrix_mul.rbt"/>
  <File Type="BITSTR-NKY" Name="tb_matrix_mul.nky"/>
  <File Type="BITSTR-BMM" Name="tb_matrix_mul_bd.bmm"/>
  <File Type="BITSTR-MMI" Name="tb_matrix_mul.mmi"/>
  <File Type="ROUTE-METHODOLOGY-DRC" Name="tb_two_by_twoQFTbruteforce_methodology_drc_routed.rpt"/>
  <File Type="BITSTR-SYSDEF" Name="tb_matrix_mul.sysdef"/>
  <File Type="ROUTE-METHODOLOGY-DRC-PB" Name="tb_two_by_twoQFTbruteforce_methodology_drc_routed.pb"/>
  <File Type="BITSTR-LTX" Name="debug_nets.ltx"/>
  <File Type="BITSTR-LTX" Name="tb_matrix_mul.ltx"/>
  <File Type="BOOT-PDI-FILE" Name="tb_matrix_mul_soc.pdi"/>
  <File Type="WBT-USG" Name="usage_statistics_webtalk.html"/>
  <File Type="NPI_FILE" Name="tb_matrix_mul.npi"/>
  <File Type="OPT-DRC" Name="tb_two_by_twoQFTbruteforce_drc_opted.rpt"/>
  <File Type="RBD_FILE" Name="tb_matrix_mul.rbd"/>
  <File Type="OPT-HWDEF" Name="tb_matrix_mul.hwdef"/>
  <File Type="PLACE-IO" Name="tb_two_by_twoQFTbruteforce_io_placed.rpt"/>
  <File Type="PLACE-UTIL" Name="tb_two_by_twoQFTbruteforce_utilization_placed.rpt"/>
  <File Type="PLACE-UTIL-PB" Name="tb_two_by_twoQFTbruteforce_utilization_placed.pb"/>
  <File Type="PLACE-CTRL" Name="tb_two_by_twoQFTbruteforce_control_sets_placed.rpt"/>
  <File Type="PLACE-PRE-SIMILARITY" Name="tb_matrix_mul_incremental_reuse_pre_placed.rpt"/>
  <File Type="ROUTE-DRC" Name="tb_two_by_twoQFTbruteforce_drc_routed.rpt"/>
  <File Type="ROUTE-DRC-PB" Name="tb_two_by_twoQFTbruteforce_drc_routed.pb"/>
  <File Type="ROUTE-PWR-RPX" Name="tb_two_by_twoQFTbruteforce_power_routed.rpx"/>
  <File Type="ROUTE-STATUS" Name="tb_two_by_twoQFTbruteforce_route_status.rpt"/>
  <File Type="ROUTE-STATUS-PB" Name="tb_two_by_twoQFTbruteforce_route_status.pb"/>
  <File Type="ROUTE-DCP" Name="tb_matrix_mul_routed.dcp"/>
  <File Type="ROUTE-ERROR-DCP" Name="tb_matrix_mul_routed_error.dcp"/>
  <File Type="ROUTE-BLACKBOX-DCP" Name="tb_matrix_mul_routed_bb.dcp"/>
  <File Type="ROUTE-TIMINGSUMMARY" Name="tb_two_by_twoQFTbruteforce_timing_summary_routed.rpt"/>
  <File Type="ROUTE-TIMING-PB" Name="tb_matrix_mul_timing_summary_routed.pb"/>
  <File Type="ROUTE-TIMING-RPX" Name="tb_two_by_twoQFTbruteforce_timing_summary_routed.rpx"/>
  <File Type="ROUTE-SIMILARITY" Name="tb_two_by_twoQFTbruteforce_incremental_reuse_routed.rpt"/>
  <File Type="ROUTE-BUS-SKEW" Name="tb_two_by_twoQFTbruteforce_bus_skew_routed.rpt"/>
  <File Type="ROUTE-BUS-SKEW-PB" Name="tb_two_by_twoQFTbruteforce_bus_skew_routed.pb"/>
  <File Type="ROUTE-BUS-SKEW-RPX" Name="tb_two_by_twoQFTbruteforce_bus_skew_routed.rpx"/>
  <File Type="OPT-DCP" Name="tb_matrix_mul_opt.dcp"/>
  <File Type="PLACE-DCP" Name="tb_matrix_mul_placed.dcp"/>
  <File Type="PWROPT-DCP" Name="tb_matrix_mul_pwropt.dcp"/>
  <File Type="POSTPLACE-PWROPT-DCP" Name="tb_matrix_mul_postplace_pwropt.dcp"/>
  <File Type="PHYSOPT-DCP" Name="tb_matrix_mul_physopt.dcp"/>
  <File Type="POSTROUTE-PHYSOPT-DCP" Name="tb_matrix_mul_postroute_physopt.dcp"/>
  <File Type="POSTROUTE-PHYSOPT-BLACKBOX-DCP" Name="tb_matrix_mul_postroute_physopt_bb.dcp"/>
  <File Type="POSTROUTE-PHYSOPT-TIMING" Name="tb_two_by_twoQFTbruteforce_timing_summary_postroute_physopted.rpt"/>
  <File Type="POSTROUTE-PHYSOPT-TIMING-PB" Name="tb_two_by_twoQFTbruteforce_timing_summary_postroute_physopted.pb"/>
  <File Type="POSTROUTE-PHYSOPT-TIMING-RPX" Name="tb_two_by_twoQFTbruteforce_timing_summary_postroute_physopted.rpx"/>
  <File Type="POSTROUTE-PHYSOPT-BUS-SKEW" Name="tb_two_by_twoQFTbruteforce_bus_skew_postroute_physopted.rpt"/>
  <File Type="POSTROUTE-PHYSOPT-BUS-SKEW-RPX" Name="tb_two_by_twoQFTbruteforce_bus_skew_postroute_physopted.rpx"/>
  <File Type="ROUTE-DRC-RPX" Name="tb_two_by_twoQFTbruteforce_drc_routed.rpx"/>
  <File Type="ROUTE-METHODOLOGY-DRC-RPX" Name="tb_two_by_twoQFTbruteforce_methodology_drc_routed.rpx"/>
  <File Type="PDI-FILE" Name="tb_matrix_mul.pdi"/>
  <File Type="PL-PDI-FILE" Name="tb_matrix_mul_pld.pdi"/>
  <File Type="RCFI_FILE" Name="tb_matrix_mul.rcfi"/>
  <File Type="CFI_FILE" Name="tb_matrix_mul.cfi"/>
  <File Type="RNPI_FILE" Name="tb_matrix_mul.rnpi"/>
  <File Type="ROUTE-RQS" Name="tb_matrix_mul_routed.rqs"/>
  <File Type="POSTROUTE-PHYSOPT-RQS" Name="tb_matrix_mul_postroute_physopted.rqs"/>
  <File Type="ROUTE-RQS-RPT" Name="route_report_qor_suggestions_0.rpt"/>
  <File Type="POSTROUTE-PHYSOPT-RQS-RPT" Name="postroute_physopt_report_qor_suggestions_0.rpt"/>
  <FileSet Name="sources" Type="DesignSrcs" RelSrcDir="$PSRCDIR/sources_1" RelGenDir="$PGENDIR/sources_1">
    <Filter Type="Srcs"/>
    <File Path="$PSRCDIR/sources_1/new/2x2 QFT - brute force.sv">
      <FileInfo>
        <Attr Name="UsedIn" Val="synthesis"/>
        <Attr Name="UsedIn" Val="implementation"/>
        <Attr Name="UsedIn" Val="simulation"/>
      </FileInfo>
    </File>
    <File Path="$PSRCDIR/sources_1/new/tb_two_by_twoQFTbruteforce.sv">
      <FileInfo>
        <Attr Name="UsedIn" Val="synthesis"/>
        <Attr Name="UsedIn" Val="implementation"/>
        <Attr Name="UsedIn" Val="simulation"/>
      </FileInfo>
    </File>
    <File Path="$PSRCDIR/sources_1/new/matrix_mult.sv">
      <FileInfo>
        <Attr Name="AutoDisabled" Val="1"/>
        <Attr Name="UsedIn" Val="synthesis"/>
        <Attr Name="UsedIn" Val="implementation"/>
        <Attr Name="UsedIn" Val="simulation"/>
      </FileInfo>
    </File>
    <File Path="$PSRCDIR/sources_1/new/tb_matrix_mult.sv">
      <FileInfo>
        <Attr Name="AutoDisabled" Val="1"/>
        <Attr Name="UsedIn" Val="synthesis"/>
        <Attr Name="UsedIn" Val="implementation"/>
        <Attr Name="UsedIn" Val="simulation"/>
      </FileInfo>
    </File>
    <File Path="$PSRCDIR/sources_1/new/QtoCbit.sv">
      <FileInfo>
        <Attr Name="AutoDisabled" Val="1"/>
        <Attr Name="UsedIn" Val="synthesis"/>
        <Attr Name="UsedIn" Val="implementation"/>
        <Attr Name="UsedIn" Val="simulation"/>
      </FileInfo>
    </File>
    <File Path="$PSRCDIR/sources_1/new/tb_QtoCbit.sv">
      <FileInfo>
        <Attr Name="AutoDisabled" Val="1"/>
        <Attr Name="UsedIn" Val="synthesis"/>
        <Attr Name="UsedIn" Val="implementation"/>
        <Attr Name="UsedIn" Val="simulation"/>
      </FileInfo>
    </File>
    <File Path="$PSRCDIR/sources_1/new/twoXtwoDFTbruteforce_fixed_point.sv">
      <FileInfo>
        <Attr Name="AutoDisabled" Val="1"/>
        <Attr Name="UsedIn" Val="synthesis"/>
        <Attr Name="UsedIn" Val="implementation"/>
        <Attr Name="UsedIn" Val="simulation"/>
      </FileInfo>
    </File>
    <File Path="$PSRCDIR/sources_1/new/tb_2X2_fixed_point.sv">
      <FileInfo>
        <Attr Name="AutoDisabled" Val="1"/>
        <Attr Name="UsedIn" Val="synthesis"/>
        <Attr Name="UsedIn" Val="implementation"/>
        <Attr Name="UsedIn" Val="simulation"/>
      </FileInfo>
    </File>
    <Config>
      <Option Name="DesignMode" Val="RTL"/>
      <Option Name="TopModule" Val="tb_two_by_twoQFTbruteforce"/>
    </Config>
  </FileSet>
  <FileSet Name="constrs_in" Type="Constrs" RelSrcDir="$PSRCDIR/constrs_1" RelGenDir="$PGENDIR/constrs_1">
    <Filter Type="Constrs"/>
    <Config>
      <Option Name="ConstrsType" Val="XDC"/>
    </Config>
  </FileSet>
  <FileSet Name="utils" Type="Utils" RelSrcDir="$PSRCDIR/utils_1" RelGenDir="$PGENDIR/utils_1">
    <Filter Type="Utils"/>
    <Config>
      <Option Name="TopAutoSet" Val="TRUE"/>
    </Config>
  </FileSet>
  <Strategy Version="1" Minor="2">
    <StratHandle Name="Vivado Implementation Defaults" Flow="Vivado Implementation 2023"/>
    <Step Id="init_design"/>
    <Step Id="opt_design"/>
    <Step Id="power_opt_design"/>
    <Step Id="place_design"/>
    <Step Id="post_place_power_opt_design"/>
    <Step Id="phys_opt_design"/>
    <Step Id="route_design"/>
    <Step Id="post_route_phys_opt_design"/>
    <Step Id="write_bitstream"/>
    <Step Id="write_device_image"/>
  </Strategy>
</GenRun>
